{
  "name": "orb",
  "aucs_by_thresh": {
    "0.5": {
      "5": 3.2455759496411685,
      "10": 8.095960507873235,
      "20": 14.944456601480255
    },
    "1.0": {
      "5": 4.132532303821884,
      "10": 9.898886554637151,
      "20": 17.373275164203026
    },
    "1.5": {
      "5": 4.694901630838957,
      "10": 10.787175279993145,
      "20": 18.463554669364978
    },
    "2.0": {
      "5": 5.356105909527979,
      "10": 11.644079119983694,
      "20": 19.587548408296325
    },
    "2.5": {
      "5": 5.2226738646536,
      "10": 11.864814132319278,
      "20": 20.05678815679529
    },
    "3.0": {
      "5": 5.304827795350838,
      "10": 12.083019994790254,
      "20": 20.054433519564476
    },
    "3.5": {
      "5": 5.307972717298813,
      "10": 12.204573206181479,
      "20": 20.201704561656246
    },
    "4.0": {
      "5": 5.200841133531688,
      "10": 12.08711139512149,
      "20": 20.140781659455705
    },
    "4.5": {
      "5": 5.449784574370126,
      "10": 12.297229915606756,
      "20": 20.282550683530026
    },
    "5.0": {
      "5": 5.704131670505816,
      "10": 12.483569602686059,
      "20": 20.265094351887093
    },
    "5.5": {
      "5": 5.606233746577706,
      "10": 12.258594042761564,
      "20": 20.015240836625576
    },
    "6.0": {
      "5": 5.475121113391744,
      "10": 12.096064007113686,
      "20": 19.770629085090185
    }
  },
  "accs_by_thresh": {
    "0.5": {
      "5": 8.200000000000001,
      "10": 16.933333333333334,
      "20": 25.533333333333335
    },
    "1.0": {
      "5": 10.4,
      "10": 19.733333333333334,
      "20": 28.599999999999998
    },
    "1.5": {
      "5": 11.066666666666666,
      "10": 21.266666666666666,
      "20": 30.2
    },
    "2.0": {
      "5": 12.4,
      "10": 22.8,
      "20": 31.666666666666664
    },
    "2.5": {
      "5": 12.8,
      "10": 23.533333333333335,
      "20": 32.6
    },
    "3.0": {
      "5": 13.200000000000001,
      "10": 23.333333333333332,
      "20": 32.4
    },
    "3.5": {
      "5": 13.4,
      "10": 23.466666666666665,
      "20": 32.733333333333334
    },
    "4.0": {
      "5": 13.066666666666665,
      "10": 23.400000000000002,
      "20": 32.86666666666667
    },
    "4.5": {
      "5": 13.4,
      "10": 23.466666666666665,
      "20": 32.733333333333334
    },
    "5.0": {
      "5": 13.533333333333333,
      "10": 23.466666666666665,
      "20": 32.13333333333333
    },
    "5.5": {
      "5": 13.266666666666666,
      "10": 23.266666666666666,
      "20": 31.866666666666667
    },
    "6.0": {
      "5": 13.0,
      "10": 23.0,
      "20": 31.4
    }
  }
}