{
  "name": "alike",
  "aucs_by_thresh": {
    "0.5": {
      "5": 4.846660510953376,
      "10": 10.330118340568365,
      "20": 17.21037574289765
    },
    "1.0": {
      "5": 6.218270683177908,
      "10": 12.854068818462133,
      "20": 21.285052933354738
    },
    "1.5": {
      "5": 6.904029427378176,
      "10": 14.248337704868144,
      "20": 23.29014193358909
    },
    "2.0": {
      "5": 7.671515892491289,
      "10": 15.357055548133081,
      "20": 24.6264489056557
    },
    "2.5": {
      "5": 7.770893229394702,
      "10": 15.79073567149926,
      "20": 25.467602437923215
    },
    "3.0": {
      "5": 7.971551782581058,
      "10": 16.27298502477338,
      "20": 26.03414104040102
    },
    "3.5": {
      "5": 8.360811811580172,
      "10": 16.584994529055063,
      "20": 26.234899201376887
    },
    "4.0": {
      "5": 8.365619720604519,
      "10": 16.56645413978199,
      "20": 26.209500130065454
    },
    "4.5": {
      "5": 8.201466825756594,
      "10": 16.448879218444482,
      "20": 26.232197655536076
    },
    "5.0": {
      "5": 8.150298204908847,
      "10": 16.386546678359988,
      "20": 26.00336249606637
    },
    "5.5": {
      "5": 8.010003465861251,
      "10": 16.30930566757319,
      "20": 26.305462746811116
    },
    "6.0": {
      "5": 7.874011565338276,
      "10": 16.258520050305787,
      "20": 26.2342725652488
    }
  },
  "accs_by_thresh": {
    "0.5": {
      "5": 10.933333333333334,
      "10": 19.666666666666664,
      "20": 27.133333333333333
    },
    "1.0": {
      "5": 13.8,
      "10": 24.0,
      "20": 32.93333333333333
    },
    "1.5": {
      "5": 14.799999999999999,
      "10": 26.8,
      "20": 35.733333333333334
    },
    "2.0": {
      "5": 16.6,
      "10": 28.4,
      "20": 37.6
    },
    "2.5": {
      "5": 17.533333333333335,
      "10": 29.26666666666667,
      "20": 39.0
    },
    "3.0": {
      "5": 17.8,
      "10": 30.333333333333336,
      "20": 39.33333333333333
    },
    "3.5": {
      "5": 18.133333333333333,
      "10": 30.06666666666667,
      "20": 39.53333333333333
    },
    "4.0": {
      "5": 18.46666666666667,
      "10": 30.266666666666666,
      "20": 39.46666666666667
    },
    "4.5": {
      "5": 18.266666666666666,
      "10": 30.4,
      "20": 39.733333333333334
    },
    "5.0": {
      "5": 18.2,
      "10": 29.733333333333334,
      "20": 39.733333333333334
    },
    "5.5": {
      "5": 17.933333333333334,
      "10": 30.266666666666666,
      "20": 40.266666666666666
    },
    "6.0": {
      "5": 18.266666666666666,
      "10": 30.333333333333336,
      "20": 40.46666666666667
    }
  }
}