{
  "alike": {
    "0.5": {
      "5": 4.846660510953376,
      "10": 10.330118340568365,
      "20": 17.21037574289765
    },
    "1.0": {
      "5": 6.218270683177908,
      "10": 12.854068818462133,
      "20": 21.285052933354738
    },
    "1.5": {
      "5": 6.904029427378176,
      "10": 14.248337704868144,
      "20": 23.29014193358909
    },
    "2.0": {
      "5": 7.671515892491289,
      "10": 15.357055548133081,
      "20": 24.6264489056557
    },
    "2.5": {
      "5": 7.770893229394702,
      "10": 15.79073567149926,
      "20": 25.467602437923215
    },
    "3.0": {
      "5": 7.971551782581058,
      "10": 16.27298502477338,
      "20": 26.03414104040102
    },
    "3.5": {
      "5": 8.360811811580172,
      "10": 16.584994529055063,
      "20": 26.234899201376887
    },
    "4.0": {
      "5": 8.365619720604519,
      "10": 16.56645413978199,
      "20": 26.209500130065454
    },
    "4.5": {
      "5": 8.201466825756594,
      "10": 16.448879218444482,
      "20": 26.232197655536076
    },
    "5.0": {
      "5": 8.150298204908847,
      "10": 16.386546678359988,
      "20": 26.00336249606637
    },
    "5.5": {
      "5": 8.010003465861251,
      "10": 16.30930566757319,
      "20": 26.305462746811116
    },
    "6.0": {
      "5": 7.874011565338276,
      "10": 16.258520050305787,
      "20": 26.2342725652488
    }
  }
}