{
  "name": "xfeat",
  "aucs_by_thresh": {
    "0.5": {
      "5": 11.016478695380153,
      "10": 24.41516934588896,
      "20": 39.989777290664804
    },
    "1.0": {
      "5": 12.492980161914788,
      "10": 26.8570617143898,
      "20": 43.317219463339626
    },
    "1.5": {
      "5": 14.168739778242074,
      "10": 28.81287512325684,
      "20": 45.13276864652534
    },
    "2.0": {
      "5": 15.245687217544637,
      "10": 30.53498262892512,
      "20": 46.66235486082117
    },
    "2.5": {
      "5": 15.974043816076506,
      "10": 31.718023101136172,
      "20": 47.50028457152212
    },
    "3.0": {
      "5": 16.204805625335243,
      "10": 31.970666903305954,
      "20": 47.86851272254976
    },
    "3.5": {
      "5": 16.909657005874394,
      "10": 32.9413987678184,
      "20": 48.5826859646572
    },
    "4.0": {
      "5": 16.681548422431884,
      "10": 32.59947563277043,
      "20": 48.163156260597056
    },
    "4.5": {
      "5": 16.432093287973,
      "10": 32.48202289374646,
      "20": 47.991077848046025
    },
    "5.0": {
      "5": 16.980220567397872,
      "10": 32.56337373237446,
      "20": 47.81541358918945
    },
    "5.5": {
      "5": 16.71483952747634,
      "10": 32.44531437844969,
      "20": 47.648153041141775
    },
    "6.0": {
      "5": 16.834836901348133,
      "10": 32.48644171373036,
      "20": 47.81062959907234
    }
  },
  "accs_by_thresh": {
    "0.5": {
      "5": 26.866666666666667,
      "10": 46.733333333333334,
      "20": 62.06666666666667
    },
    "1.0": {
      "5": 28.799999999999997,
      "10": 50.66666666666667,
      "20": 65.53333333333333
    },
    "1.5": {
      "5": 32.2,
      "10": 52.13333333333333,
      "20": 67.46666666666667
    },
    "2.0": {
      "5": 33.46666666666667,
      "10": 55.00000000000001,
      "20": 68.13333333333334
    },
    "2.5": {
      "5": 35.199999999999996,
      "10": 56.00000000000001,
      "20": 68.53333333333333
    },
    "3.0": {
      "5": 35.93333333333334,
      "10": 56.13333333333333,
      "20": 69.46666666666667
    },
    "3.5": {
      "5": 36.8,
      "10": 57.333333333333336,
      "20": 69.19999999999999
    },
    "4.0": {
      "5": 36.666666666666664,
      "10": 56.93333333333334,
      "20": 68.60000000000001
    },
    "4.5": {
      "5": 36.46666666666666,
      "10": 56.99999999999999,
      "20": 68.46666666666667
    },
    "5.0": {
      "5": 37.06666666666666,
      "10": 56.333333333333336,
      "20": 68.60000000000001
    },
    "5.5": {
      "5": 36.8,
      "10": 55.800000000000004,
      "20": 68.53333333333333
    },
    "6.0": {
      "5": 36.733333333333334,
      "10": 55.86666666666667,
      "20": 68.8
    }
  }
}