{
  "xfeat": {
    "0.5": {
      "5": 11.016478695380153,
      "10": 24.41516934588896,
      "20": 39.989777290664804
    },
    "1.0": {
      "5": 12.492980161914788,
      "10": 26.8570617143898,
      "20": 43.317219463339626
    },
    "1.5": {
      "5": 14.168739778242074,
      "10": 28.81287512325684,
      "20": 45.13276864652534
    },
    "2.0": {
      "5": 15.245687217544637,
      "10": 30.53498262892512,
      "20": 46.66235486082117
    },
    "2.5": {
      "5": 15.974043816076506,
      "10": 31.718023101136172,
      "20": 47.50028457152212
    },
    "3.0": {
      "5": 16.204805625335243,
      "10": 31.970666903305954,
      "20": 47.86851272254976
    },
    "3.5": {
      "5": 16.909657005874394,
      "10": 32.9413987678184,
      "20": 48.5826859646572
    },
    "4.0": {
      "5": 16.681548422431884,
      "10": 32.59947563277043,
      "20": 48.163156260597056
    },
    "4.5": {
      "5": 16.432093287973,
      "10": 32.48202289374646,
      "20": 47.991077848046025
    },
    "5.0": {
      "5": 16.980220567397872,
      "10": 32.56337373237446,
      "20": 47.81541358918945
    },
    "5.5": {
      "5": 16.71483952747634,
      "10": 32.44531437844969,
      "20": 47.648153041141775
    },
    "6.0": {
      "5": 16.834836901348133,
      "10": 32.48644171373036,
      "20": 47.81062959907234
    }
  },
  "xfeat_star": {
    "0.5": {
      "5": 13.472307772050407,
      "10": 26.49968554610182,
      "20": 40.73121042812938
    },
    "1.0": {
      "5": 15.389887356106652,
      "10": 30.013074793362094,
      "20": 44.844266323255496
    },
    "1.5": {
      "5": 16.729850520631125,
      "10": 32.278327592356064,
      "20": 47.68590841658663
    },
    "2.0": {
      "5": 17.7880632671093,
      "10": 33.830734612959844,
      "20": 48.787975966154235
    },
    "2.5": {
      "5": 18.112451403071848,
      "10": 34.68952692989146,
      "20": 49.972152315797494
    },
    "3.0": {
      "5": 18.51768662576537,
      "10": 34.937575818960106,
      "20": 49.998127363076854
    },
    "3.5": {
      "5": 18.13266610873228,
      "10": 34.8381078121139,
      "20": 50.237696837823684
    },
    "4.0": {
      "5": 18.60956554481945,
      "10": 34.96863460854831,
      "20": 50.49341634572099
    },
    "4.5": {
      "5": 18.403098834957166,
      "10": 34.90731338474571,
      "20": 50.564192273383824
    },
    "5.0": {
      "5": 18.27332047983265,
      "10": 34.71184310466813,
      "20": 50.33018929074375
    },
    "5.5": {
      "5": 18.30500959473757,
      "10": 34.58878799540334,
      "20": 50.143100339100386
    },
    "6.0": {
      "5": 18.225469787739172,
      "10": 34.639671856268514,
      "20": 50.2790956397371
    }
  }
}